{
	"info": {
		"_postman_id": "5e6418be-ecd1-49f9-941a-a8d6a47ee5a4",
		"name": "Library API",
		"schema": "https://schema.getpostman.com/json/collection/v2.1.0/collection.json"
	},
	"item": [
		{
			"name": "Add Book",
			"request": {
				"method": "POST",
				"header": [],
				"body": {
					"mode": "raw",
					"raw": "{\n\"name\":\"Learn Appium Automation with Java\",\n\"isbn\":\"bcd\",\n\"aisle\":\"2926\",\n\"author\":\"John foer\"\n}\n"
				},
				"url": {
					"raw": "https://rahulshettyacademy.com/Library/Addbook.php",
					"protocol": "https",
					"host": [
						"rahulshettyacademy",
						"com"
					],
					"path": [
						"Library",
						"Addbook.php"
					]
				}
			},
			"response": []
		},
		{
			"name": "Get Book By ID",
			"request": {
				"method": "GET",
				"header": [],
				"url": {
					"raw": "https://rahulshettyacademy.com/Library/GetBook.php?ID=bcd2926",
					"protocol": "https",
					"host": [
						"rahulshettyacademy",
						"com"
					],
					"path": [
						"Library",
						"GetBook.php"
					],
					"query": [
						{
							"key": "ID",
							"value": "bcd2926"
						}
					]
				}
			},
			"response": []
		},
		{
			"name": "Get Book By Author Name",
			"request": {
				"method": "GET",
				"header": [],
				"url": {
					"raw": "https://rahulshettyacademy.com/Library/GetBook.php?AuthorName=John foer",
					"protocol": "https",
					"host": [
						"rahulshettyacademy",
						"com"
					],
					"path": [
						"Library",
						"GetBook.php"
					],
					"query": [
						{
							"key": "AuthorName",
							"value": "John foer"
						}
					]
				}
			},
			"response": []
		},
		{
			"name": "Delete Book",
			"request": {
				"method": "DELETE",
				"header": [],
				"body": {
					"mode": "raw",
					"raw": "{\n    \"ID\": \"bcd2926\"\n}"
				},
				"url": {
					"raw": "https://rahulshettyacademy.com//Library/DeleteBook.php",
					"protocol": "https",
					"host": [
						"rahulshettyacademy",
						"com"
					],
					"path": [
						"",
						"Library",
						"DeleteBook.php"
					]
				}
			},
			"response": []
		}
	]
}